--
-- PostgreSQL database dump
--

\restrict SlMU2x4iskhFUiUvlafC21ueOwgbUEVHX6YbcARlTmlQLPn65ybunrXQY1SwPVp

-- Dumped from database version 18.1 (Postgres.app)
-- Dumped by pg_dump version 18.1 (Postgres.app)

SET statement_timeout = 0;
SET lock_timeout = 0;
SET idle_in_transaction_session_timeout = 0;
SET transaction_timeout = 0;
SET client_encoding = 'UTF8';
SET standard_conforming_strings = on;
SELECT pg_catalog.set_config('search_path', '', false);
SET check_function_bodies = false;
SET xmloption = content;
SET client_min_messages = warning;
SET row_security = off;

SET default_tablespace = '';

SET default_table_access_method = heap;

--
-- Name: accounting_accounts; Type: TABLE; Schema: public; Owner: lucassuner
--

CREATE TABLE public.accounting_accounts (
    id bigint NOT NULL,
    code character varying(6) NOT NULL,
    name character varying(200) NOT NULL,
    code_class integer NOT NULL,
    type character varying(1) NOT NULL
);


ALTER TABLE public.accounting_accounts OWNER TO lucassuner;

--
-- Name: accounting_accounts_id_seq; Type: SEQUENCE; Schema: public; Owner: lucassuner
--

ALTER TABLE public.accounting_accounts ALTER COLUMN id ADD GENERATED BY DEFAULT AS IDENTITY (
    SEQUENCE NAME public.accounting_accounts_id_seq
    START WITH 1
    INCREMENT BY 1
    NO MINVALUE
    NO MAXVALUE
    CACHE 1
);


--
-- Name: auth_group; Type: TABLE; Schema: public; Owner: lucassuner
--

CREATE TABLE public.auth_group (
    id integer NOT NULL,
    name character varying(150) NOT NULL
);


ALTER TABLE public.auth_group OWNER TO lucassuner;

--
-- Name: auth_group_id_seq; Type: SEQUENCE; Schema: public; Owner: lucassuner
--

ALTER TABLE public.auth_group ALTER COLUMN id ADD GENERATED BY DEFAULT AS IDENTITY (
    SEQUENCE NAME public.auth_group_id_seq
    START WITH 1
    INCREMENT BY 1
    NO MINVALUE
    NO MAXVALUE
    CACHE 1
);


--
-- Name: auth_group_permissions; Type: TABLE; Schema: public; Owner: lucassuner
--

CREATE TABLE public.auth_group_permissions (
    id bigint NOT NULL,
    group_id integer NOT NULL,
    permission_id integer NOT NULL
);


ALTER TABLE public.auth_group_permissions OWNER TO lucassuner;

--
-- Name: auth_group_permissions_id_seq; Type: SEQUENCE; Schema: public; Owner: lucassuner
--

ALTER TABLE public.auth_group_permissions ALTER COLUMN id ADD GENERATED BY DEFAULT AS IDENTITY (
    SEQUENCE NAME public.auth_group_permissions_id_seq
    START WITH 1
    INCREMENT BY 1
    NO MINVALUE
    NO MAXVALUE
    CACHE 1
);


--
-- Name: auth_permission; Type: TABLE; Schema: public; Owner: lucassuner
--

CREATE TABLE public.auth_permission (
    id integer NOT NULL,
    name character varying(255) NOT NULL,
    content_type_id integer NOT NULL,
    codename character varying(100) NOT NULL
);


ALTER TABLE public.auth_permission OWNER TO lucassuner;

--
-- Name: auth_permission_id_seq; Type: SEQUENCE; Schema: public; Owner: lucassuner
--

ALTER TABLE public.auth_permission ALTER COLUMN id ADD GENERATED BY DEFAULT AS IDENTITY (
    SEQUENCE NAME public.auth_permission_id_seq
    START WITH 1
    INCREMENT BY 1
    NO MINVALUE
    NO MAXVALUE
    CACHE 1
);


--
-- Name: auth_user; Type: TABLE; Schema: public; Owner: lucassuner
--

CREATE TABLE public.auth_user (
    id integer NOT NULL,
    password character varying(128) NOT NULL,
    last_login timestamp with time zone,
    is_superuser boolean NOT NULL,
    username character varying(150) NOT NULL,
    first_name character varying(150) NOT NULL,
    last_name character varying(150) NOT NULL,
    email character varying(254) NOT NULL,
    is_staff boolean NOT NULL,
    is_active boolean NOT NULL,
    date_joined timestamp with time zone NOT NULL
);


ALTER TABLE public.auth_user OWNER TO lucassuner;

--
-- Name: auth_user_groups; Type: TABLE; Schema: public; Owner: lucassuner
--

CREATE TABLE public.auth_user_groups (
    id bigint NOT NULL,
    user_id integer NOT NULL,
    group_id integer NOT NULL
);


ALTER TABLE public.auth_user_groups OWNER TO lucassuner;

--
-- Name: auth_user_groups_id_seq; Type: SEQUENCE; Schema: public; Owner: lucassuner
--

ALTER TABLE public.auth_user_groups ALTER COLUMN id ADD GENERATED BY DEFAULT AS IDENTITY (
    SEQUENCE NAME public.auth_user_groups_id_seq
    START WITH 1
    INCREMENT BY 1
    NO MINVALUE
    NO MAXVALUE
    CACHE 1
);


--
-- Name: auth_user_id_seq; Type: SEQUENCE; Schema: public; Owner: lucassuner
--

ALTER TABLE public.auth_user ALTER COLUMN id ADD GENERATED BY DEFAULT AS IDENTITY (
    SEQUENCE NAME public.auth_user_id_seq
    START WITH 1
    INCREMENT BY 1
    NO MINVALUE
    NO MAXVALUE
    CACHE 1
);


--
-- Name: auth_user_user_permissions; Type: TABLE; Schema: public; Owner: lucassuner
--

CREATE TABLE public.auth_user_user_permissions (
    id bigint NOT NULL,
    user_id integer NOT NULL,
    permission_id integer NOT NULL
);


ALTER TABLE public.auth_user_user_permissions OWNER TO lucassuner;

--
-- Name: auth_user_user_permissions_id_seq; Type: SEQUENCE; Schema: public; Owner: lucassuner
--

ALTER TABLE public.auth_user_user_permissions ALTER COLUMN id ADD GENERATED BY DEFAULT AS IDENTITY (
    SEQUENCE NAME public.auth_user_user_permissions_id_seq
    START WITH 1
    INCREMENT BY 1
    NO MINVALUE
    NO MAXVALUE
    CACHE 1
);


--
-- Name: django_admin_log; Type: TABLE; Schema: public; Owner: lucassuner
--

CREATE TABLE public.django_admin_log (
    id integer NOT NULL,
    action_time timestamp with time zone NOT NULL,
    object_id text,
    object_repr character varying(200) NOT NULL,
    action_flag smallint NOT NULL,
    change_message text NOT NULL,
    content_type_id integer,
    user_id integer NOT NULL,
    CONSTRAINT django_admin_log_action_flag_check CHECK ((action_flag >= 0))
);


ALTER TABLE public.django_admin_log OWNER TO lucassuner;

--
-- Name: django_admin_log_id_seq; Type: SEQUENCE; Schema: public; Owner: lucassuner
--

ALTER TABLE public.django_admin_log ALTER COLUMN id ADD GENERATED BY DEFAULT AS IDENTITY (
    SEQUENCE NAME public.django_admin_log_id_seq
    START WITH 1
    INCREMENT BY 1
    NO MINVALUE
    NO MAXVALUE
    CACHE 1
);


--
-- Name: django_content_type; Type: TABLE; Schema: public; Owner: lucassuner
--

CREATE TABLE public.django_content_type (
    id integer NOT NULL,
    app_label character varying(100) NOT NULL,
    model character varying(100) NOT NULL
);


ALTER TABLE public.django_content_type OWNER TO lucassuner;

--
-- Name: django_content_type_id_seq; Type: SEQUENCE; Schema: public; Owner: lucassuner
--

ALTER TABLE public.django_content_type ALTER COLUMN id ADD GENERATED BY DEFAULT AS IDENTITY (
    SEQUENCE NAME public.django_content_type_id_seq
    START WITH 1
    INCREMENT BY 1
    NO MINVALUE
    NO MAXVALUE
    CACHE 1
);


--
-- Name: django_migrations; Type: TABLE; Schema: public; Owner: lucassuner
--

CREATE TABLE public.django_migrations (
    id bigint NOT NULL,
    app character varying(255) NOT NULL,
    name character varying(255) NOT NULL,
    applied timestamp with time zone NOT NULL
);


ALTER TABLE public.django_migrations OWNER TO lucassuner;

--
-- Name: django_migrations_id_seq; Type: SEQUENCE; Schema: public; Owner: lucassuner
--

ALTER TABLE public.django_migrations ALTER COLUMN id ADD GENERATED BY DEFAULT AS IDENTITY (
    SEQUENCE NAME public.django_migrations_id_seq
    START WITH 1
    INCREMENT BY 1
    NO MINVALUE
    NO MAXVALUE
    CACHE 1
);


--
-- Name: django_session; Type: TABLE; Schema: public; Owner: lucassuner
--

CREATE TABLE public.django_session (
    session_key character varying(40) NOT NULL,
    session_data text NOT NULL,
    expire_date timestamp with time zone NOT NULL
);


ALTER TABLE public.django_session OWNER TO lucassuner;

--
-- Data for Name: accounting_accounts; Type: TABLE DATA; Schema: public; Owner: lucassuner
--

COPY public.accounting_accounts (id, code, name, code_class, type) FROM stdin;
1	101	Capital	1	G
2	1011	Capital souscrit – non appelé	1	G
3	1012	Capital souscrit – appelé, non versé	1	G
4	1013	Capital souscrit – appelé, versé	1	G
5	10131	Capital non amorti	1	G
6	10132	Capital amorti	1	G
7	1018	Capital souscrit soumis à des réglementations particulières	1	G
8	102	Fonds fiduciaires	1	G
9	104	Primes liées au capital social	1	G
10	1041	Primes d’émission	1	G
11	1042	Primes de fusion	1	G
12	1043	Primes d’apport	1	G
13	1044	Primes de conversion d’obligations en actions	1	G
14	1045	Bons de souscription d’actions	1	G
15	105	Écarts de réévaluation	1	G
16	1051	Réserve spéciale de réévaluation	1	G
17	1052	Écart de réévaluation libre	1	G
18	1053	Réserve de réévaluation	1	G
19	1055	Écarts de réévaluation (autres opérations légales)	1	G
20	1057	Autres écarts de réévaluation en France	1	G
21	1058	Autres écarts de réévaluation à l’Étranger	1	G
22	106	Réserves	1	G
23	1061	Réserve légale	1	G
24	10611	Réserve légale proprement dite	1	G
25	10612	Plus-values nettes à long terme	1	G
26	1062	Réserves indisponibles	1	G
27	1063	Réserves statutaires ou contractuelles	1	G
28	1064	Réserves réglementées	1	G
29	10641	Plus-values nettes à long terme	1	G
30	10643	Réserves consécutives à l’octroi de subventions d’investissement	1	G
31	10648	Autres réserves réglementées	1	G
32	1068	Autres réserves	1	G
33	10681	Réserve de propre assureur	1	G
34	10688	Réserves diverses	1	G
35	107	Écart d’équivalence	1	G
36	108	Compte de l’exploitant	1	G
37	109	Actionnaires : Capital souscrit – non appelé	1	G
38	11	Report à nouveau (solde créditeur ou débiteur)	1	G
39	110	Report à nouveau (solde créditeur)	1	G
40	119	Report à nouveau (solde débiteur)	1	G
41	12	Résultat de l’exercice (bénéfice ou perte)	1	G
42	120	Résultat de l’exercice (bénéfice)	1	G
43	129	Résultat de l’exercice (perte)	1	G
44	13	Subventions d’investissement	1	G
45	131	Subventions d’équipement	1	G
46	1311	État	1	G
47	1312	Régions	1	G
48	1313	Départements	1	G
49	1314	Communes	1	G
50	1315	Collectivités publiques	1	G
51	1316	Entreprises publiques	1	G
52	1317	Entreprises et organismes privés	1	G
53	1318	Autres	1	G
54	138	Autres subventions d’investissement (même ventilation que celle du compte 131)	1	G
55	139	Subventions d’investissement inscrites au compte de résultat	1	G
56	1391	Subventions d’équipement	1	G
57	13911	État	1	G
58	13912	Régions	1	G
59	13913	Départements	1	G
60	13914	Communes	1	G
61	13915	Collectivités publiques	1	G
62	13916	Entreprises publiques	1	G
63	13917	Entreprises et organismes privés	1	G
64	13918	Autres	1	G
65	1398	Autres subventions d’investissement (même ventilation que celle du compte 1391)	1	G
66	14	Provisions réglementées	1	G
67	142	Provisions réglementées relatives aux immobilisations	1	G
68	1423	Provisions pour reconstitution des gisements miniers et pétroliers	1	G
69	1424	Provisions pour investissement (participation des salariés)	1	G
70	143	Provisions réglementées relatives aux stocks	1	G
71	1431	Hausse des prix	1	G
72	1432	Fluctuation des cours	1	G
73	144	Provisions réglementées relatives aux autres éléments de l’actif	1	G
74	145	Amortissements dérogatoires	1	G
75	146	Provision spéciale de réévaluation	1	G
76	147	Plus-values réinvesties	1	G
77	148	Autres provisions réglementées	1	G
78	15	Provisions	1	G
79	151	Provisions pour risques	1	G
80	1511	Provisions pour litiges	1	G
81	1512	Provisions pour garanties données aux clients	1	G
82	1513	Provisions pour pertes sur marchés à terme	1	G
83	1514	Provisions pour amendes et pénalités	1	G
84	1515	Provisions pour pertes de change	1	G
85	1516	Provisions pour pertes sur contrats	1	G
86	1518	Autres provisions pour risques	1	G
87	153	Provisions pour pensions et obligations similaires	1	G
88	154	Provisions pour restructurations	1	G
89	155	Provisions pour impôts	1	G
90	156	Provisions pour renouvellement des immobilisations (entreprises concessionnaires)	1	G
91	157	Provisions pour charges à répartir sur plusieurs exercices	1	G
92	1572	Provisions pour gros entretien ou grandes révisions	1	G
93	158	Autres provisions pour charges	1	G
94	1581	Provisions pour remises en état	1	G
95	16	Emprunts et dettes assimilées	1	G
96	161	Emprunts obligataires convertibles	1	G
97	162	Obligations représentatives de passifs nets remis en fiducie	1	G
98	163	Autres emprunts obligataires	1	G
99	164	Emprunts auprès des établissements de crédit	1	G
100	165	Dépôts et cautionnements reçus	1	G
101	1651	Dépôts	1	G
102	1655	Cautionnements	1	G
103	166	Participation des salariés aux résultats	1	G
104	1661	Comptes bloqués	1	G
105	1662	Fonds de participation	1	G
106	167	Emprunts et dettes assortis de conditions particulières	1	G
107	1671	Émissions de titres participatifs	1	G
108	1674	Avances conditionnées de l’État	1	G
109	1675	Emprunts participatifs	1	G
110	168	Autres emprunts et dettes assimilées	1	G
111	1681	Autres emprunts	1	G
112	1685	Rentes viagères capitalisées	1	G
113	1687	Autres dettes	1	G
114	1688	Intérêts courus	1	G
115	16881	sur emprunts obligataires convertibles	1	G
116	16883	sur autres emprunts obligataires	1	G
117	16884	sur emprunts auprès des établissements de crédit	1	G
118	16885	sur dépôts et cautionnements reçus	1	G
119	16886	sur participation des salariés aux résultats	1	G
120	16887	sur emprunts et dettes assortis de conditions particulières	1	G
121	16888	sur autres emprunts et dettes assimilées	1	G
122	169	Primes de remboursement des obligations	1	G
123	17	Dettes rattachées à des participations	1	G
124	171	Dettes rattachées à des participations (groupe)	1	G
125	174	Dettes rattachées à des participations (hors groupe)	1	G
126	178	Dettes rattachées à des sociétés en participation	1	G
127	1781	Principal	1	G
128	1788	Intérêts courus	1	G
129	18	Comptes de liaison des établissements et sociétés en participation	1	G
130	181	Comptes de liaison des établissements	1	G
131	186	Biens et prestations de services échangés entre établissements (charges)	1	G
132	187	Biens et prestations de services échangés entre établissements (produits)	1	G
133	188	Comptes de liaison des sociétés en participation	1	G
134	20	Immobilisations incorporelles	2	G
135	201	Frais d’établissement	2	G
136	2011	Frais de constitution	2	G
137	2012	Frais de premier établissement	2	G
138	20121	Frais de prospection	2	G
139	20122	Frais de publicité	2	G
140	2013	Frais d’augmentation de capital et d’opérations diverses (fusions, scissions, transformations)	2	G
141	203	Frais de recherche et de développement	2	G
142	205	Concessions et droits similaires, brevets, licences, marques, procédés, logiciels, droits et valeurs similaires	2	G
143	206	Droit au bail	2	G
144	207	Fonds commercial	2	G
145	208	Autres immobilisations incorporelles	2	G
146	2081	Mali de fusion sur actifs incorporels	2	G
147	21	Immobilisations corporelles	2	G
148	211	Terrains	2	G
149	2111	Terrains nus	2	G
150	2112	Terrains aménagés	2	G
151	2113	Sous-sols et sursols	2	G
152	2114	Terrains de carrières (Tréfonds)	2	G
153	2115	Terrains bâtis	2	G
154	21151	Ensembles immobiliers industriels (A, B)	2	G
155	21155	Ensembles immobiliers administratifs et commerciaux (A, B)	2	G
156	21158	Autres ensembles immobiliers	2	G
157	211581	affectés aux opérations professionnelles (A, B)	2	G
158	211588	affectés aux opérations non professionnelles (A, B)	2	G
159	2116	Compte d’ordre sur immobilisations	2	G
160	212	Agencements et aménagements de terrains (même ventilation que celle du compte 211)	2	G
161	213	Constructions	2	G
162	2131	Bâtiments	2	G
163	21311	Ensembles immobiliers industriels (A, B)	2	G
164	21315	Ensembles immobiliers administratifs et commerciaux (A, B)	2	G
165	21318	Autres ensembles immobiliers	2	G
166	213181	affectés aux opérations professionnelles (A, B)	2	G
167	213188	affectés aux opérations non professionnelles (A, B)	2	G
168	2135	Installations générales – agencements – aménagements des constructions	2	G
169	21351	Ensembles immobiliers industriels (A, B)	2	G
170	21355	Ensembles immobiliers administratifs et commerciaux (A, B)	2	G
171	21358	Autres ensembles immobiliers	2	G
172	213581	affectés aux opérations professionnelles (A, B)	2	G
173	213588	affectés aux opérations non professionnelles (A, B)	2	G
174	2138	Ouvrages d’infrastructure	2	G
175	21381	Voies de terre	2	G
176	21382	Voies de fer	2	G
177	21383	Voies d’eau	2	G
178	21384	Barrages	2	G
179	21385	Pistes d’aérodromes	2	G
180	214	Constructions sur sol d’autrui (même ventilation que celle du compte 213)	2	G
181	215	Installations techniques, matériels et outillage industriels	2	G
182	2151	Installations complexes spécialisées	2	G
183	21511	sur sol propre	2	G
184	21514	sur sol d’autrui	2	G
185	2153	Installations à caractère spécifique	2	G
186	21531	sur sol propre	2	G
187	21534	sur sol d’autrui	2	G
188	2154	Matériel industriel	2	G
189	2155	Outillage industriel	2	G
190	2157	Agencements et aménagements du matériel et outillage industriels	2	G
191	218	Autres immobilisations corporelles	2	G
192	2181	Installations générales, agencements, aménagements divers	2	G
193	2182	Matériel de transport	2	G
194	2183	Matériel de bureau et matériel informatique	2	G
195	2184	Mobilier	2	G
196	2185	Cheptel	2	G
197	2186	Emballages récupérables	2	G
198	2187	Mali de fusions sur actifs corporels	2	G
199	22	Immobilisations mises en concession	2	G
200	23	Immobilisations en cours	2	G
201	231	Immobilisations corporelles en cours	2	G
202	2312	Terrains	2	G
203	2313	Constructions	2	G
204	2315	Installations techniques, matériel et outillage industriels	2	G
205	2318	Autres immobilisations corporelles	2	G
206	232	Immobilisations incorporelles en cours	2	G
207	237	Avances et acomptes versés sur immobilisations incorporelles	2	G
208	238	Avances et acomptes versés sur commandes d’immobilisations corporelles	2	G
209	2382	Terrains	2	G
210	2383	Constructions	2	G
211	2385	Installations techniques, matériel et outillage industriels	2	G
212	2388	Autres immobilisations corporelles	2	G
213	25	Parts dans des entreprises liées et créances sur des entreprises liées	2	G
214	26	Participations et créances rattachées à des participations	2	G
215	261	Titres de participation	2	G
216	2611	Actions	2	G
217	2618	Autres titres	2	G
218	266	Autres formes de participation	2	G
219	2661	Droits représentatifs d’actifs nets remis en fiducie	2	G
220	267	Créances rattachées à des participations	2	G
221	2671	Créances rattachées à des participations (groupe)	2	G
222	2674	Créances rattachées à des participations (hors groupe)	2	G
223	2675	Versements représentatifs d’apports non capitalisés (appel de fonds)	2	G
224	2676	Avances consolidables	2	G
225	2677	Autres créances rattachées à des participations	2	G
226	2678	Intérêts courus	2	G
227	268	Créances rattachées à des sociétés en participation	2	G
228	2681	Principal	2	G
229	2688	Intérêts courus	2	G
230	269	Versements restant à effectuer sur titres de participation non libérés	2	G
231	27	Autres immobilisations financières	2	G
232	271	Titres immobilisés autres que les titres immobilisés de l’activité de portefeuille (droit de propriété)	2	G
233	2711	Actions	2	G
234	2718	Autres titres	2	G
235	272	Titres immobilisés (droit de créance)	2	G
236	2721	Obligations	2	G
237	2722	Bons	2	G
238	273	Titres immobilisés de l’activité de portefeuille	2	G
239	274	Prêts	2	G
240	2741	Prêts participatifs	2	G
241	2742	Prêts aux associés	2	G
242	2743	Prêts au personnel	2	G
243	2748	Autres prêts	2	G
244	275	Dépôts et cautionnements versés	2	G
245	2751	Dépôts	2	G
246	2755	Cautionnements	2	G
247	276	Autres créances immobilisées	2	G
248	2761	Créances diverses	2	G
249	2768	Intérêts courus	2	G
250	27682	sur titres immobilisés (droit de créance)	2	G
251	27684	sur prêts	2	G
252	27685	sur dépôts et cautionnements	2	G
253	27688	sur créances diverses	2	G
254	277	(Actions propres ou parts propres)	2	G
255	2771	Actions propres ou parts propres	2	G
256	2772	Actions propres ou parts propres en voie d’annulation	2	G
257	278	Mali de fusion sur actifs financiers	2	G
258	279	Versements restant à effectuer sur titres immobilisés non libérés	2	G
259	28	Amortissements des immobilisations	2	G
260	280	Amortissements des immobilisations incorporelles	2	G
261	2801	Frais d’établissement (même ventilation que celle du compte 201)	2	G
262	2803	Frais de recherche et de développement	2	G
263	2805	Concessions et droits similaires, brevets, licences, logiciels, droits et valeurs similaires	2	G
264	2807	Fonds commercial	2	G
265	2808	Autres immobilisations incorporelles	2	G
266	28081	Amortissements du mali de fusion sur actifs incorporels	2	G
267	281	Amortissements des immobilisations corporelles	2	G
268	2812	Agencements, aménagements de terrains (même ventilation que celle du compte 212)	2	G
269	2813	Constructions (même ventilation que celle du compte 213)	2	G
270	2814	Constructions sur sol d’autrui (même ventilation que celle du compte 214)	2	G
271	2815	Installations, matériel et outillage industriels (même ventilation que celle du compte 215)	2	G
272	2818	Autres immobilisations corporelles (même ventilation que celle du compte 218)	2	G
273	28187	Amortissement du mali de fusion sur actifs corporels	2	G
450	44568	Taxes assimilées à la TVA	4	G
274	282	Amortissements des immobilisations mises en concession	2	G
275	29	Dépréciations des immobilisations	2	G
276	290	Dépréciations des immobilisations incorporelles	2	G
277	2905	Marques, procédés, droits et valeurs similaires	2	G
278	2906	Droit au bail	2	G
279	2907	Fonds commercial	2	G
280	2908	Autres immobilisations incorporelles	2	G
281	29081	Dépréciation du mali de fusion sur actifs incorporels	2	G
282	291	Dépréciations des immobilisations corporelles (même ventilation que celle du compte 21)	2	G
283	29187	Dépréciation du mali de fusion sur actifs corporels	2	G
284	292	Dépréciations des immobilisations mises en concession	2	G
285	293	Dépréciations des immobilisations en cours	2	G
286	2931	Immobilisations corporelles en cours	2	G
287	2932	Immobilisations incorporelles en cours	2	G
288	296	Dépréciations des participations et créances rattachées à des participations	2	G
289	2961	Titres de participation	2	G
290	2966	Autres formes de participation	2	G
291	2967	Créances rattachées à des participations (même ventilation que celle du compte 267)	2	G
292	2968	Créances rattachées à des sociétés en participation (même ventilation que celle du compte 268)	2	G
293	297	Dépréciations des autres immobilisations financières	2	G
294	2971	Titres immobilisés autres que les titres immobilisés de l’activité de portefeuille – droit de propriété (même ventilation que celle du compte 271)	2	G
295	2972	Droit de créance (même ventilation que celle du compte 272)	2	G
296	2973	Titres immobilisés de l’activité de portefeuille	2	G
297	2974	Prêts (même ventilation que celle du compte 274)	2	G
298	2975	Dépôts et cautionnements versés (même ventilation que celle du compte 275)	2	G
299	2976	Autres créances immobilisées (même ventilation que celle du compte 276)	2	G
300	29787	Dépréciation du mali de fusion sur actifs financiers	2	G
301	31	Matières premières (et fournitures)	3	G
302	311	Matières (ou groupe) A	3	G
303	312	Matières (ou groupe) B	3	G
304	317	Fournitures A, B, C,	3	G
305	32	Autres approvisionnements	3	G
306	321	Matières consommables	3	G
307	3211	Matières (ou groupe) C	3	G
308	3212	Matières (ou groupe) D	3	G
309	322	Fournitures consommables	3	G
310	3221	Combustibles	3	G
311	3222	Produits d’entretien	3	G
312	3223	Fournitures d’atelier et d’usine	3	G
313	3224	Fournitures de magasin	3	G
314	3225	Fournitures de bureau	3	G
315	326	Emballages	3	G
316	3261	Emballages perdus	3	G
317	3265	Emballages récupérables non identifiables	3	G
318	3267	Emballages à usage mixte	3	G
319	33	En-cours de production de biens	3	G
320	331	Produits en cours	3	G
321	3311	Produits en cours P 1	3	G
322	3312	Produits en cours P 2	3	G
323	335	Travaux en cours	3	G
324	3351	Travaux en cours T 1	3	G
325	3352	Travaux en cours T 2	3	G
326	34	En-cours de production de services	3	G
327	341	Études en cours	3	G
328	3411	Études en cours E 1	3	G
329	3412	Études en cours E 2	3	G
330	345	Prestations de services en cours	3	G
331	3451	Prestations de services S 1	3	G
332	3452	Prestations de services S 2	3	G
333	35	Stocks de produits	3	G
334	351	Produits intermédiaires	3	G
335	3511	Produits intermédiaires (ou groupe) A	3	G
336	3512	Produits intermédiaires (ou groupe) B	3	G
337	355	Produits finis	3	G
338	3551	Produits finis (ou groupe) A	3	G
339	3552	Produits finis (ou groupe) B	3	G
340	358	Produits résiduels (ou matières de récupération)	3	G
341	3581	Déchets	3	G
342	3585	Rebuts	3	G
343	3586	Matières de récupération	3	G
344	36	(compte à ouvrir, le cas échéant, sous l’intitulé "Stocks provenant d’immobilisations")	3	G
345	37	Stocks de marchandises	3	G
346	371	Marchandises (ou groupe) A	3	G
347	372	Marchandises (ou groupe) B	3	G
348	38	(lorsque l’entité tient un inventaire permanent en comptabilité générale, le compte 38 peut être utilisé pour comptabiliser les stocks en voie d’acheminement, mis en dépôt ou donnés en consignation)	3	G
349	39	Dépréciations des stocks et en-cours	3	G
350	391	Dépréciations des matières premières (et fournitures)	3	G
351	3911	Matières (ou groupe) A	3	G
352	3912	Matières (ou groupe) B	3	G
353	3917	Fournitures A, B, C,	3	G
354	392	Dépréciations des autres approvisionnements	3	G
355	3921	Matières consommables (même ventilation que celle du compte 321)	3	G
356	3922	Fournitures consommables (même ventilation que celle du compte 322)	3	G
357	3926	Emballages (même ventilation que celle du compte 326)	3	G
358	393	Dépréciations des en-cours de production de biens	3	G
359	3931	Produits en cours (même ventilation que celle du compte 331)	3	G
360	3935	Travaux en cours (même ventilation que celle du compte 335)	3	G
361	394	Dépréciations des en-cours de production de services	3	G
362	3941	Études en cours (même ventilation que celle du compte 341)	3	G
363	3945	Prestations de services en cours (même ventilation que celle du compte 345)	3	G
364	395	Dépréciations des stocks de produits	3	G
365	3951	Produits intermédiaires (même ventilation que celle du compte 351)	3	G
366	3955	Produits finis (même ventilation que celle du compte 355)	3	G
367	397	Dépréciations des stocks de marchandises	3	G
368	3971	Marchandise (ou groupe) A	3	G
369	3972	Marchandise (ou groupe) B	3	G
370	40	Fournisseurs et comptes rattachés	4	S
371	400	Fournisseurs et comptes rattachés	4	S
372	401	Fournisseurs	4	S
373	4011	Fournisseurs – Achats de biens et prestations de services	4	S
374	4017	Fournisseurs – Retenues de garantie	4	S
375	403	Fournisseurs – Effets à payer	4	S
376	404	Fournisseurs d’immobilisations	4	S
377	4041	Fournisseurs – Achats d’immobilisations	4	S
378	4047	Fournisseurs d’immobilisations – Retenues de garantie	4	S
379	405	Fournisseurs d’immobilisations – Effets à payer	4	S
380	408	Fournisseurs – Factures non parvenues	4	S
381	4081	Fournisseurs	4	S
382	4084	Fournisseurs d’immobilisations	4	S
383	4088	Fournisseurs – Intérêts courus	4	S
384	409	Fournisseurs débiteurs	4	S
385	4091	Fournisseurs – Avances et acomptes versés sur commandes	4	S
386	4096	Fournisseurs – Créances pour emballages et matériel à rendre	4	S
387	4097	Fournisseurs – Autres avoirs	4	S
388	40971	Fournisseurs d’exploitation	4	S
389	40974	Fournisseurs d’immobilisations	4	S
390	4098	Rabais, remises, ristournes à obtenir et autres avoirs non encore reçus	4	S
391	41	Clients et comptes rattachés	4	C
392	410	Clients et comptes rattachés	4	C
393	411	Clients	4	C
394	4111	Clients – Ventes de biens ou de prestations de services	4	C
395	4117	Clients – Retenues de garantie	4	C
396	413	Clients – Effets à recevoir	4	C
397	416	Clients douteux ou litigieux	4	C
398	418	Clients – Produits non encore facturés	4	C
399	4181	Clients – Factures à établir	4	C
400	4188	Clients – Intérêts courus	4	C
401	419	Clients créditeurs	4	C
402	4191	Clients – Avances et acomptes reçus sur commandes	4	C
403	4196	Clients – Dettes sur emballages et matériels consignés	4	C
404	4197	Clients – Autres avoirs	4	C
405	4198	Rabais, remises, ristournes à accorder et autres avoirs à établir	4	C
406	42	Personnel et comptes rattachés	4	G
407	421	Personnel – Rémunérations dues	4	G
408	422	Comités d’entreprises, d’établissement, …	4	G
409	424	Participation des salariés aux résultats	4	G
410	4246	Réserve spéciale	4	G
411	4248	Comptes courants	4	G
412	425	Personnel – Avances et acomptes	4	G
413	426	Personnel – Dépôts	4	G
414	427	Personnel – Oppositions	4	G
415	428	Personnel – Charges à payer et produits à recevoir	4	G
416	4282	Dettes provisionnées pour congés à payer	4	G
417	4284	Dettes provisionnées pour participation des salariés aux résultats	4	G
418	4286	Autres charges à payer	4	G
419	4287	Produits à recevoir	4	G
420	43	Sécurité sociale et autres organismes sociaux	4	G
421	431	Sécurité sociale	4	G
422	437	Autres organismes sociaux	4	G
423	438	Organismes sociaux – Charges à payer et produits à recevoir	4	G
424	4382	Charges sociales sur congés à payer	4	G
425	4386	Autres charges à payer	4	G
426	4387	Produits à recevoir	4	G
427	44	État et autres collectivités publiques	4	G
428	441	État – Subventions à recevoir	4	G
429	4411	Subventions d’investissement	4	G
430	4417	Subventions d’exploitation	4	G
431	4418	Subventions d’équilibre	4	G
432	4419	Avances sur subventions	4	G
433	442	État – Impôts et taxes recouvrables sur des tiers	4	G
434	4424	Obligataires	4	G
435	4425	Associés	4	G
436	443	Opérations particulières avec l’État les collectivités publiques, les organismes internationaux	4	G
437	4431	Créances sur l’État résultant de la suppression de la règle du décalage d’un mois en matière de TVA	4	G
438	4438	Intérêts courus sur créances figurant au 4431	4	G
439	444	État – Impôts sur les bénéfices	4	G
440	445	État – Taxes sur le chiffre d’affaires	4	G
441	4452	TVA due intracommunautaire	4	G
442	4455	Taxes sur le chiffre d’affaires à décaisser	4	G
443	44551	TVA à décaisser	4	G
444	44558	Taxes assimilées à la TVA	4	G
445	4456	Taxes sur le chiffre d’affaires déductibles	4	G
446	44562	TVA sur immobilisations	4	G
447	44563	TVA transférée par d’autres entreprises	4	G
448	44566	TVA sur autres biens et services	4	G
449	44567	Crédit de TVA à reporter	4	G
451	4457	Taxes sur le chiffre d’affaires collectées par l’entreprise	4	G
452	44571	TVA collectée	4	G
453	44578	Taxes assimilées à la TVA	4	G
454	4458	Taxes sur le chiffre d’affaires à régulariser ou en attente	4	G
455	44581	Acomptes – Régime simplifié d’imposition	4	G
456	44582	Acomptes – Régime de forfait	4	G
457	44583	Remboursement de taxes sur le chiffre d’affaires demandé	4	G
458	44584	TVA récupérée d’avance	4	G
459	44586	Taxes sur le chiffre d’affaires sur factures non parvenues	4	G
460	44587	Taxes sur le chiffre d’affaires sur factures à établir	4	G
461	446	Obligations cautionnées	4	G
462	447	Autres impôts, taxes et versements assimilés	4	G
463	448	État – Charges à payer et produits à recevoir	4	G
464	4482	Charges fiscales sur congés à payer	4	G
465	4486	Charges à payer	4	G
466	4487	Produits à recevoir	4	G
467	449	Quotas d’émission à acquérir	4	G
468	45	Groupe et associés	4	G
469	451	Groupe	4	G
470	455	Associés – Comptes courants	4	G
471	4551	Principal	4	G
472	4558	Intérêts courus	4	G
473	456	Associés – Opérations sur le capital	4	G
474	4561	Associés – Comptes d’apport en société	4	G
475	45611	Apports en nature	4	G
476	45615	Apports en numéraire	4	G
477	4562	Apporteurs – Capital appelé, non versé	4	G
478	45621	Actionnaires – Capital souscrit et appelé, non versé	4	G
479	45625	Associés – Capital appelé, non versé	4	G
480	4563	Associés – Versements reçus sur augmentation de capital	4	G
481	4564	Associés – Versements anticipés	4	G
482	4566	Actionnaires défaillants	4	G
483	4567	Associés – Capital à rembourser	4	G
484	457	Associés – Dividendes à payer	4	G
485	458	Associés – Opérations faites en commun et en GIE	4	G
486	4581	Opérations courantes	4	G
487	4588	Intérêts courus	4	G
488	46	Débiteurs divers et créditeurs divers	4	G
489	462	Créances sur cessions d’immobilisations	4	G
490	464	Dettes sur acquisitions de valeurs mobilières de placement	4	G
491	465	Créances sur cessions de valeurs mobilières de placement	4	G
492	467	Autres comptes débiteurs ou créditeurs	4	G
493	468	Divers – Charges à payer et produits à recevoir	4	G
494	4686	Charges à payer	4	G
495	4687	Produits à recevoir	4	G
496	47	Comptes transitoires ou d’attente	4	G
497	471	Comptes d’attente	4	G
498	472	Comptes d’attente	4	G
499	473	Comptes d’attente	4	G
500	474	Comptes d’attente	4	G
501	475	Comptes d’attente	4	G
502	476	Différence de conversion – Actif	4	G
503	4761	Diminution des créances	4	G
504	4762	Augmentation des dettes	4	G
505	4768	Différences compensées par couverture de change	4	G
506	477	Différences de conversion – Passif	4	G
507	4771	Augmentation des créances	4	G
508	4772	Diminution des dettes	4	G
509	4778	Différences compensées par couverture de change	4	G
510	478	Autres comptes transitoires	4	G
511	4786	Différences d’évaluation sur instruments de trésorerie – ACTIF	4	G
512	4787	Différences d’évaluation sur instruments de trésorerie – PASSIF	4	G
513	48	Comptes de régularisation	4	G
514	481	Charges à répartir sur plusieurs exercices	4	G
515	4816	Frais d’émission des emprunts	4	G
516	486	Charges constatées d’avance	4	G
517	487	Produits constatés d’avance	4	G
518	488	Comptes de répartition périodique des charges et des produits	4	G
519	4886	Charges	4	G
520	4887	Produits	4	G
521	49	Dépréciations des comptes de tiers	4	G
522	491	Dépréciations des comptes de clients	4	G
523	495	Dépréciations des comptes du groupe et des associés	4	G
524	4951	Comptes du groupe	4	G
525	4955	Comptes courants des associés	4	G
526	4958	Opérations faites en commun et en GIE	4	G
527	496	Dépréciations des comptes de débiteurs divers	4	G
528	4962	Créances sur cessions d’immobilisations	4	G
529	4965	Créances sur cessions de valeurs mobilières de placement	4	G
530	4967	Autres comptes débiteurs	4	G
531	50	Valeurs mobilières de placement	5	G
532	501	Parts dans des entreprises liées	5	G
533	502	Actions propres	5	G
534	5021	Actions destinées à être attribuées aux employés et affectées à des plans déterminés	5	G
535	5022	Actions disponibles pour être attribuées aux employés ou pour la régularisation des cours de bourse	5	G
536	503	Actions	5	G
537	5031	Titres cotés	5	G
538	5035	Titres non cotés	5	G
539	504	Autres titres conférant un droit de propriété	5	G
540	505	Obligations et bons émis par la société et rachetés par elle	5	G
541	506	Obligations	5	G
542	5061	Titres cotés	5	G
543	5065	Titres non cotés	5	G
544	507	Bons du Trésor et bons de caisse à court terme	5	G
545	508	Autres valeurs mobilières de placement et autres créances assimilées	5	G
546	5081	Autres valeurs mobilières	5	G
547	5082	Bons de souscription	5	G
548	5088	Intérêts courus sur obligations, bons et valeurs assimilés	5	G
549	509	Versements restant à effectuer sur valeurs mobilières de placement non libérées	5	G
550	51	Banques, établissements financiers et assimilés	5	G
551	511	Valeurs à l’encaissement	5	G
552	5111	Coupons échus à l’encaissement	5	G
553	5112	Chèques à encaisser	5	G
554	5113	Effets à l’encaissement	5	G
555	5114	Effets à l’escompte	5	G
556	512	Banques	5	G
557	5121	Comptes en monnaie nationale	5	G
558	5124	Comptes en devises	5	G
559	514	Chèques postaux	5	G
560	515	Caisses  du Trésor et des établissements publics	5	G
561	516	Sociétés de bourse	5	G
562	517	Autres organismes financiers	5	G
563	518	Intérêts courus	5	G
564	5181	Intérêts courus à payer	5	G
565	5188	Intérêts courus à recevoir	5	G
566	519	Concours bancaires courants	5	G
567	5191	Crédit de mobilisation de créances commerciales	5	G
568	5193	Mobilisation de créances nées à l’étranger	5	G
569	5198	Intérêts courus sur concours bancaires courants	5	G
570	52	Instruments de trésorerie	5	G
571	53	Caisse	5	G
572	531	Caisse siège social	5	G
573	5311	Caisse en monnaie nationale	5	G
574	5314	Caisse en devises	5	G
575	532	Caisse succursale (ou usine) A	5	G
576	533	Caisse succursale (ou usine) B	5	G
577	54	Régies d’avance et accréditifs	5	G
578	58	Virements internes	5	G
579	59	Dépréciations des comptes financiers	5	G
580	590	Dépréciations des valeurs mobilières de placement	5	G
581	5903	Actions	5	G
582	5904	Autres titres conférant un droit de propriété	5	G
583	5906	Obligations	5	G
584	5908	Autres valeurs mobilières de placement et créances assimilées	5	G
585	60	Achats (sauf 603)	6	G
586	601	Achats stockés – Matières premières (et fournitures)	6	G
587	6011	Matières (ou groupe) A	6	G
588	6012	Matières (ou groupe) B	6	G
589	6017	Fournitures A, B, C,	6	G
590	602	Achats stockés – Autres approvisionnements	6	G
591	6021	Matières consommables	6	G
592	60211	Matières (ou groupe) C	6	G
593	60212	Matières (ou groupe) D	6	G
594	6022	Fournitures consommables	6	G
595	60221	Combustibles	6	G
596	60222	Produits d’entretien	6	G
597	60223	Fournitures d’atelier et d’usine	6	G
598	60224	Fournitures de magasin	6	G
599	60225	Fourniture de bureau	6	G
600	6026	Emballages	6	G
601	60261	Emballages perdus	6	G
602	60265	Emballages récupérables non identifiables	6	G
603	60267	Emballages à usage mixte	6	G
604	604	Achats d’études et prestations de services	6	G
605	605	Achats de matériel, équipements et travaux	6	G
606	606	Achats non stockés de matière et fournitures	6	G
607	6061	Fournitures non stockables (eau, énergie, …)	6	G
608	6063	Fournitures d’entretien et de petit équipement	6	G
609	6064	Fournitures administratives	6	G
610	6068	Autres matières et fournitures	6	G
611	607	Achats de marchandises	6	G
612	6071	Marchandise (ou groupe) A	6	G
613	6072	Marchandise (ou groupe) B	6	G
614	608	(Compte réservé, le cas échéant, à la récapitulation des frais accessoires incorporés aux achats)	6	G
615	609	Rabais, remises et ristournes obtenus sur achats	6	G
616	6091	de matières premières (et fournitures)	6	G
617	6092	d’autres approvisionnements stockés	6	G
618	6094	d’études et prestations de services	6	G
619	6095	de matériel, équipements et travaux	6	G
620	6096	d’approvisionnements non stockés	6	G
621	6097	de marchandises	6	G
622	6098	Rabais, remises et ristournes non affectés	6	G
623	603	Variations des stocks (approvisionnements et marchandises)	6	G
624	6031	Variation des stocks de matières premières (et fournitures)	6	G
625	6032	Variation des stocks des autres approvisionnements	6	G
626	6037	Variation des stocks de marchandises 61/62 – Autres charges externes	6	G
627	61	Services extérieurs	6	G
628	611	Sous-traitance générale	6	G
629	612	Redevances de crédit-bail	6	G
630	6122	Crédit-bail mobilier	6	G
631	6125	Crédit-bail immobilier	6	G
632	613	Locations	6	G
633	6132	Locations immobilières	6	G
634	6135	Locations mobilières	6	G
635	6136	Malis sur emballages	6	G
636	614	Charges locatives et de copropriété	6	G
637	615	Entretien et réparations	6	G
638	6152	sur biens immobiliers	6	G
639	6155	sur biens mobiliers	6	G
640	6156	Maintenance	6	G
641	616	Primes d’assurances	6	G
642	6161	Multirisques	6	G
643	6162	Assurance obligatoire dommage construction	6	G
644	6163	Assurance – transport	6	G
645	61636	sur achats	6	G
646	61637	sur ventes	6	G
647	61638	sur autres biens	6	G
648	6164	Risques d’exploitation	6	G
649	6165	Insolvabilité clients	6	G
650	617	Études et recherches	6	G
651	618	Divers	6	G
652	6181	Documentation générale	6	G
653	6183	Documentation technique	6	G
654	6185	Frais de colloques, séminaires, conférences	6	G
655	619	Rabais, remises et ristournes obtenus sur services extérieurs	6	G
656	62	Autres services extérieurs	6	G
657	621	Personnel extérieur à l’entreprise	6	G
658	6211	Personnel intérimaire	6	G
659	6214	Personnel détaché ou prêté à l’entreprise	6	G
660	622	Rémunérations d’intermédiaires et honoraires	6	G
661	6221	Commissions et courtages sur achats	6	G
662	6222	Commissions et courtages sur ventes	6	G
663	6224	Rémunérations des transitaires	6	G
664	6225	Rémunérations d’affacturage	6	G
665	6226	Honoraires	6	G
666	6227	Frais d’actes et de contentieux	6	G
667	6228	Divers	6	G
668	623	Publicité, publications, relations publiques	6	G
669	6231	Annonces et insertions	6	G
670	6232	Échantillons	6	G
671	6233	Foires et expositions	6	G
672	6234	Cadeaux à la clientèle	6	G
673	6235	Primes	6	G
674	6236	Catalogues et imprimés	6	G
675	6237	Publications	6	G
676	6238	Divers (pourboires, dons courants, …)	6	G
677	624	Transports de biens et transports collectifs du personnel	6	G
678	6241	Transports sur achats	6	G
679	6242	Transports sur ventes	6	G
680	6243	Transports entre établissements ou chantiers	6	G
681	6244	Transports administratifs	6	G
682	6247	Transports collectifs du personnel	6	G
683	6248	Divers	6	G
684	625	Déplacements, missions et réceptions	6	G
685	6251	Voyages et déplacements	6	G
686	6255	Frais de déménagement	6	G
687	6256	Missions	6	G
688	6257	Réceptions	6	G
689	626	Frais postaux et de télécommunications	6	G
690	627	Services bancaires et assimilés	6	G
691	6271	Frais sur titres (achat, vente, garde)	6	G
692	6272	Commissions et frais sur émission d’emprunts	6	G
693	6275	Frais sur effets	6	G
694	6276	Location de coffres	6	G
695	6278	Autres frais et commissions sur prestations de services	6	G
696	628	Divers	6	G
697	6281	Concours divers (cotisations, )	6	G
698	6284	Frais de recrutement de personnel	6	G
699	629	Rabais, remises et ristournes obtenus sur autres services extérieurs	6	G
700	63	Impôts, taxes et versements assimilés	6	G
701	631	Impôts, taxes et versements assimilés sur rémunérations (administrations des impôts)	6	G
702	6311	Taxe sur les salaires	6	G
703	6312	Taxe d’apprentissage	6	G
704	6313	Participation des employeurs à la formation professionnelle continue	6	G
705	6314	Cotisation pour défaut d’investissement obligatoire dans la construction	6	G
706	6318	Autres	6	G
707	633	Impôts, taxes et versements assimilés sur rémunérations (autres organismes)	6	G
708	6331	Versement de transport	6	G
709	6332	Allocations logement	6	G
710	6333	Participation des employeurs à la formation professionnelle continue	6	G
711	6334	Participation des employeurs à l’effort de construction	6	G
712	6335	Versements libératoires ouvrant droit à l’exonération de la taxe d’apprentissage	6	G
713	6338	Autres	6	G
714	635	Autres impôts, taxes et versements assimilés (administrations des impôts)	6	G
715	6351	Impôts directs (sauf impôts sur les bénéfices)	6	G
716	63511	Contribution économique territoriale	6	G
717	63512	Taxes foncières	6	G
718	63513	Autres impôts locaux	6	G
719	63514	Taxe sur les véhicules des sociétés	6	G
720	6352	Taxe sur le chiffre d’affaires non récupérables	6	G
721	6353	Impôts indirects	6	G
722	6354	Droits d’enregistrement et de timbre	6	G
723	63541	Droits de mutation	6	G
724	6358	Autres droits	6	G
725	637	Autres impôts, taxes et versements assimilés (autres organismes)	6	G
726	6371	Contribution sociale de solidarité à la charge des sociétés	6	G
727	6372	Taxes perçues par les organismes publics internationaux	6	G
728	6374	Impôts et taxes exigibles à l’Étranger	6	G
729	6378	Taxes diverses	6	G
730	64	Charges de personnel	6	G
731	641	Rémunérations du personnel	6	G
732	6411	Salaires, appointements	6	G
733	6412	Congés payés	6	G
734	6413	Primes et gratifications	6	G
735	6414	Indemnités et avantages divers	6	G
736	6415	Supplément familial	6	G
737	644	Rémunération du travail de l’exploitant	6	G
738	645	Charges de sécurité sociale et de prévoyance	6	G
739	6451	Cotisations à l’URSSAF	6	G
740	6452	Cotisations aux mutuelles	6	G
741	6453	Cotisations aux caisses de retraites	6	G
742	6454	Cotisations aux ASSEDIC	6	G
743	6458	Cotisations aux autres organismes sociaux	6	G
744	646	Cotisations sociales personnelles de l’exploitant	6	G
745	647	Autres charges sociales	6	G
746	6471	Prestations directes	6	G
747	6472	Versements aux comités d’entreprise et d’établissement	6	G
748	6473	Versements aux comités d’hygiène et de sécurité	6	G
749	6474	Versements aux autres œuvres sociales	6	G
750	6475	Médecine du travail, pharmacie	6	G
751	648	Autres charges de personnel	6	G
752	65	Autres charges de gestion courante	6	G
753	651	Redevances pour concessions, brevets, licences, marques, procédés, logiciels, droits et valeurs similaires	6	G
754	6511	Redevances pour concessions, brevets, licences, marques, procédés, logiciels	6	G
755	6516	Droits d’auteur et de reproduction	6	G
756	6518	Autres droits et valeurs similaires	6	G
757	653	Jetons de présence	6	G
758	654	Pertes sur créances irrécouvrables	6	G
759	6541	Créances de l’exercice	6	G
760	6544	Créances des exercices antérieurs	6	G
761	655	Quote-part de résultat sur opérations faites en commun	6	G
762	6551	Quote-part de bénéfice transférée (comptabilité du gérant)	6	G
763	6555	Quote-part de perte supportée (comptabilité des associés non gérants)	6	G
764	656	Pertes de change sur créances commerciales	6	G
765	658	Charges diverses de gestion courante	6	G
766	66	Charges financières	6	G
767	661	Charges d’intérêts	6	G
768	6611	Intérêts des emprunts et dettes	6	G
769	66116	des emprunts et dettes assimilées	6	G
770	66117	des dettes rattachées à des participations	6	G
771	6612	Charges de la fiducie, résultat de la période	6	G
772	6615	Intérêts des comptes courants et des dépôts créditeurs	6	G
773	6616	Intérêts bancaires et sur opérations de financement (escompte,...)	6	G
774	6617	Intérêts des obligations cautionnées	6	G
775	6618	Intérêts des autres dettes	6	G
776	66181	des dettes commerciales	6	G
777	66188	des dettes diverses	6	G
778	664	Pertes sur créances liées à des participations	6	G
779	665	Escomptes accordés	6	G
780	666	Pertes de change financières	6	G
781	667	Charges nettes sur cessions de valeurs mobilières de placement	6	G
782	668	Autres charges financières	6	G
783	67	Charges exceptionnelles	6	G
784	671	Charges exceptionnelles sur opérations de gestion	6	G
785	6711	Pénalités sur marchés (et dédits payés sur achats et ventes)	6	G
786	6712	Pénalités, amendes fiscales et pénales	6	G
787	6713	Dons, libéralités	6	G
788	6714	Créances devenues irrécouvrables dans l’exercice	6	G
789	6715	Subventions accordées	6	G
790	6717	Rappel d’impôts (autres qu’impôts sur les bénéfices)	6	G
791	6718	Autres charges exceptionnelles sur opérations de gestion	6	G
792	672	(Compte à la disposition des entités pour enregistrer, en cours d’exercice, les charges sur exercices antérieurs)	6	G
793	674	Opérations de constitution ou liquidation des fiducies	6	G
794	6741	Opérations liées à la constitution de fiducie – Transfert des éléments	6	G
795	6742	Opérations liées à la liquidation de la fiducie	6	G
796	675	Valeurs comptables des éléments d’actif cédés	6	G
797	6751	Immobilisations incorporelles	6	G
798	6752	Immobilisations corporelles	6	G
799	6756	Immobilisations financières	6	G
800	6758	Autres éléments d’actif	6	G
801	678	Autres charges exceptionnelles	6	G
802	6781	Malis provenant de clauses d’indexation	6	G
803	6782	Lots	6	G
804	6783	Malis provenant du rachat par l’entreprise d’actions et obligations émises par elle-même	6	G
805	6788	Charges exceptionnelles diverses	6	G
806	68	Dotations aux amortissements, aux dépréciations et aux provisions	6	G
807	681	Dotations aux amortissements, aux dépréciations et aux provisions – Charges d’exploitation	6	G
808	6811	Dotations aux amortissements sur immobilisations incorporelles et corporelles	6	G
809	68111	Immobilisations incorporelles	6	G
810	68112	Immobilisations corporelles	6	G
811	6812	Dotations aux amortissements des charges d’exploitation à répartir	6	G
812	6815	Dotations aux provisions d’exploitation	6	G
813	6816	Dotations pour dépréciations des immobilisations incorporelles et corporelles	6	G
814	68161	Immobilisations incorporelles	6	G
815	68162	Immobilisations corporelles	6	G
816	6817	Dotations pour dépréciations des actifs circulants	6	G
817	68173	Stocks et en-cours	6	G
818	68174	Créances	6	G
819	686	Dotations aux amortissements, aux dépréciations et aux provisions – Charges financières	6	G
820	6861	Dotations aux amortissements des primes de remboursement des obligations	6	G
821	6865	Dotations aux provisions financières	6	G
822	6866	Dotations pour dépréciations des éléments financiers	6	G
823	68662	Immobilisations financières	6	G
824	68665	Valeurs mobilières de placement	6	G
825	6868	Autres dotations	6	G
826	687	Dotations aux amortissements, aux dépréciations et aux provisions – Charges exceptionnelles	6	G
827	6871	Dotations aux amortissements exceptionnels des immobilisations	6	G
828	6872	Dotations aux provisions réglementées (immobilisations)	6	G
829	68725	Amortissements dérogatoires	6	G
830	6873	Dotations aux provisions réglementées (stocks)	6	G
831	6874	Dotations aux autres provisions réglementées	6	G
832	6875	Dotations aux provisions exceptionnelles	6	G
833	6876	Dotations pour dépréciations exceptionnelles	6	G
834	69	Participation des salariés – Impôts sur les bénéfices et assimilés	6	G
835	691	Participation des salariés aux résultats	6	G
836	695	Impôts sur les bénéfices	6	G
837	6951	Impôts dus en France	6	G
838	6952	Contribution additionnelle à l’impôt sur les bénéfices	6	G
839	6954	Impôts dus à l’étranger	6	G
840	696	Suppléments d’impôt sur les sociétés liés aux distributions	6	G
841	698	Intégration fiscale	6	G
842	6981	Intégration fiscale – Charges	6	G
843	6989	Intégration fiscale – Produits	6	G
844	699	Produits – Reports en arrière des déficits	6	G
845	70	Ventes de produits fabriqués, prestations de services, marchandises	7	G
846	701	Ventes de produits finis	7	G
847	7011	Produits finis (ou groupe) A	7	G
848	7012	Produits finis (ou groupe) B	7	G
849	702	Ventes de produits intermédiaires	7	G
850	703	Ventes de produits résiduels	7	G
851	704	Travaux	7	G
852	7041	Travaux de catégorie (ou activité) A	7	G
853	7042	Travaux de catégorie (ou activité) B	7	G
854	705	Études	7	G
855	706	Prestations de services	7	G
856	707	Ventes de marchandises	7	G
857	7071	Marchandises (ou groupe) A	7	G
858	7072	Marchandises (ou groupe) B	7	G
859	708	Produits des activités annexes	7	G
860	7081	Produits des services exploités dans l’intérêt du personnel	7	G
861	7082	Commissions et courtages	7	G
862	7083	Locations diverses	7	G
863	7084	Mise à disposition de personnel facturée	7	G
864	7085	Ports et frais accessoires facturés	7	G
865	7086	Bonis sur reprises d’emballages consignés	7	G
866	7087	Bonifications obtenues des clients et primes sur ventes	7	G
867	7088	Autres produits d’activités annexes (cessions d’approvisionnements,)	7	G
868	709	Rabais, remises et ristournes accordés par l’entreprise	7	G
869	7091	sur ventes de produits finis	7	G
870	7092	sur ventes de produits intermédiaires	7	G
871	7094	sur travaux	7	G
872	7095	sur études	7	G
873	7096	sur prestations de services	7	G
874	7097	sur ventes de marchandises	7	G
875	7098	sur produits des activités annexes	7	G
876	71	Production stockée (ou déstockage)	7	G
877	713	Variation des stocks (en-cours de production, produits)	7	G
878	7133	Variation des en-cours de production de biens	7	G
879	71331	Produits en cours	7	G
880	71335	Travaux en cours	7	G
881	7134	Variation des en-cours de production de services	7	G
882	71341	Études en cours	7	G
883	71345	Prestations de services en cours	7	G
884	7135	Variation des stocks de produits	7	G
885	71351	Produits intermédiaires	7	G
886	71355	Produits finis	7	G
887	71358	Produits résiduels	7	G
888	72	Production immobilisée	7	G
889	721	Immobilisations incorporelles	7	G
890	722	Immobilisations corporelles	7	G
891	74	Subventions d’exploitation	7	G
892	75	Autres produits de gestion courante	7	G
893	751	Redevances pour concessions, brevets, licences, marques, procédés, logiciels, droits et valeurs similaires	7	G
894	7511	Redevances pour concessions, brevets, licences, marques, procédés, logiciels	7	G
895	7516	Droits d’auteur et de reproduction	7	G
896	7518	Autres droits et valeurs similaires	7	G
897	752	Revenus des immeubles non affectés à des activités professionnelles	7	G
898	753	Jetons de présence et rémunérations d’administrateurs, gérants,	7	G
899	754	Ristournes perçues des coopératives (provenant des excédents)	7	G
900	755	Quote-parts de résultat sur opérations faites en commun	7	G
901	7551	Quote-part de perte transférée (comptabilité du gérant)	7	G
902	7555	Quote-part de bénéfice attribuée (comptabilité des associés non-gérants)	7	G
903	756	Gains de change sur créances commerciales	7	G
904	758	Produits divers de gestion courante	7	G
905	76	Produits financiers	7	G
906	761	Produits de participations	7	G
907	7611	Revenus des titres de participation	7	G
908	7612	Produits de la fiducie, résultat de la période	7	G
909	7616	Revenus sur autres formes de participation	7	G
910	7617	Revenus des créances rattachées à des participations	7	G
911	762	Produits des autres immobilisations financières	7	G
912	7621	Revenus des titres immobilisés	7	G
913	7626	Revenus des prêts	7	G
914	7627	Revenus des créances immobilisées	7	G
915	763	Revenus des autres créances	7	G
916	7631	Revenus des créances commerciales	7	G
917	7638	Revenus des créances diverses	7	G
918	764	Revenus des valeurs mobilières de placement	7	G
919	765	Escomptes obtenus	7	G
920	766	Gains de change financiers	7	G
921	767	Produits nets sur cessions de valeurs mobilières de placement	7	G
922	768	Autres produits financiers	7	G
923	77	Produits exceptionnels	7	G
924	771	Produits exceptionnels sur opérations de gestion	7	G
925	7711	Dédits et pénalités perçus sur achats et sur ventes	7	G
926	7713	Libéralités reçues	7	G
927	7714	Rentrées sur créances amorties	7	G
928	7715	Subventions d’équilibre	7	G
929	7717	Dégrèvements d’impôts autres qu’impôts sur les bénéfices	7	G
930	7718	Autres produits exceptionnels sur opérations de gestion	7	G
931	772	(Compte à la disposition des entités pour enregistrer, en cours d’exercice, les produits sur exercices antérieurs)	7	G
932	774	Opérations de constitution ou liquidation des fiducies	7	G
933	7741	Opérations liées à la constitution de fiducie – Transfert des éléments	7	G
934	7742	Opérations liées à la liquidation de la fiducie	7	G
935	775	Produits des cessions d’éléments d’actif	7	G
936	7751	Immobilisations incorporelles	7	G
937	7752	Immobilisations corporelles	7	G
938	7756	Immobilisations financières	7	G
939	7758	Autres éléments d’actif	7	G
940	777	Quote-part des subventions d’investissement virée au résultat de l’exercice	7	G
941	778	Autres produits exceptionnels	7	G
942	7781	Bonis provenant de clauses d’indexation	7	G
943	7782	Lots	7	G
944	7783	Bonis provenant du rachat par l’entreprise d’actions et d’obligations émises par elle-même	7	G
945	7788	Produits exceptionnels divers	7	G
946	78	Reprises sur amortissements, dépréciations et provisions	7	G
947	781	Reprises sur amortissements, dépréciations et provisions (à inscrire dans les produits d’exploitation)	7	G
948	7811	Reprises sur amortissements des immobilisations incorporelles et corporelles	7	G
949	78111	Immobilisations incorporelles	7	G
950	78112	Immobilisations corporelles	7	G
951	7815	Reprises sur provisions d’exploitation	7	G
952	7816	Reprises sur dépréciations des immobilisations incorporelles et corporelles	7	G
953	78161	Immobilisations incorporelles	7	G
954	78162	Immobilisations corporelles	7	G
955	7817	Reprises sur dépréciations des actifs circulants	7	G
956	78173	Stocks et en-cours	7	G
957	78174	Créances	7	G
958	786	Reprises sur provisions pour risques et dépréciations (à inscrire dans les produits financiers)	7	G
959	7865	Reprises sur provisions financières	7	G
960	7866	Reprises sur dépréciations des éléments financiers	7	G
961	78662	Immobilisations financières	7	G
962	78665	Valeurs mobilières de placements	7	G
963	787	Reprises sur provisions et dépréciations (à inscrire dans les produits exceptionnels)	7	G
964	7872	Reprises sur provisions réglementées (immobilisations)	7	G
965	78725	Amortissements dérogatoires	7	G
966	78726	Provision spéciale de réévaluation	7	G
967	78727	Plus-values réinvesties	7	G
968	7873	Reprises sur provisions réglementées (stocks)	7	G
969	7874	Reprises sur autres provisions réglementées	7	G
970	7875	Reprises sur provisions exceptionnelles	7	G
971	7876	Reprises sur dépréciations exceptionnelles	7	G
972	79	Transferts de charges	7	G
973	791	Transferts de charges d’exploitation	7	G
974	796	Transferts de charges financières	7	G
975	797	Transferts de charges exceptionnelles	7	G
976	80	Engagements	8	G
977	801	Engagements donnés par l’entité	8	G
978	8011	Avals, cautions, garanties	8	G
979	8014	Effets circulant sous l’endos de l’entité	8	G
980	8016	Redevances crédit-bail restant à courir	8	G
981	80161	Crédit-bail mobilier	8	G
982	80165	Crédit-bail immobilier	8	G
983	8018	Autres engagements donnés	8	G
984	802	Engagements reçus par l’entité	8	G
985	8021	Avals, cautions, garanties	8	G
986	8024	Créances escomptées non échues	8	G
987	8026	Engagements reçus pour utilisation en crédit-bail	8	G
988	80261	Crédit-bail mobilier	8	G
989	80265	Crédit-bail immobilier	8	G
990	8028	Autres engagements reçus	8	G
991	809	Contrepartie des engagements	8	G
992	8091	Contrepartie 801	8	G
993	8092	Contrepartie 802	8	G
994	88	Résultat en instance d’affectation	8	G
995	89	Bilan	8	G
996	890	Bilan d’ouverture	8	G
997	891	Bilan de clôture	8	G
\.


--
-- Data for Name: auth_group; Type: TABLE DATA; Schema: public; Owner: lucassuner
--

COPY public.auth_group (id, name) FROM stdin;
\.


--
-- Data for Name: auth_group_permissions; Type: TABLE DATA; Schema: public; Owner: lucassuner
--

COPY public.auth_group_permissions (id, group_id, permission_id) FROM stdin;
\.


--
-- Data for Name: auth_permission; Type: TABLE DATA; Schema: public; Owner: lucassuner
--

COPY public.auth_permission (id, name, content_type_id, codename) FROM stdin;
1	Can add log entry	1	add_logentry
2	Can change log entry	1	change_logentry
3	Can delete log entry	1	delete_logentry
4	Can view log entry	1	view_logentry
5	Can add permission	3	add_permission
6	Can change permission	3	change_permission
7	Can delete permission	3	delete_permission
8	Can view permission	3	view_permission
9	Can add group	2	add_group
10	Can change group	2	change_group
11	Can delete group	2	delete_group
12	Can view group	2	view_group
13	Can add user	4	add_user
14	Can change user	4	change_user
15	Can delete user	4	delete_user
16	Can view user	4	view_user
17	Can add content type	5	add_contenttype
18	Can change content type	5	change_contenttype
19	Can delete content type	5	delete_contenttype
20	Can view content type	5	view_contenttype
21	Can add session	6	add_session
22	Can change session	6	change_session
23	Can delete session	6	delete_session
24	Can view session	6	view_session
25	Can add accounts	7	add_accounts
26	Can change accounts	7	change_accounts
27	Can delete accounts	7	delete_accounts
28	Can view accounts	7	view_accounts
\.


--
-- Data for Name: auth_user; Type: TABLE DATA; Schema: public; Owner: lucassuner
--

COPY public.auth_user (id, password, last_login, is_superuser, username, first_name, last_name, email, is_staff, is_active, date_joined) FROM stdin;
\.


--
-- Data for Name: auth_user_groups; Type: TABLE DATA; Schema: public; Owner: lucassuner
--

COPY public.auth_user_groups (id, user_id, group_id) FROM stdin;
\.


--
-- Data for Name: auth_user_user_permissions; Type: TABLE DATA; Schema: public; Owner: lucassuner
--

COPY public.auth_user_user_permissions (id, user_id, permission_id) FROM stdin;
\.


--
-- Data for Name: django_admin_log; Type: TABLE DATA; Schema: public; Owner: lucassuner
--

COPY public.django_admin_log (id, action_time, object_id, object_repr, action_flag, change_message, content_type_id, user_id) FROM stdin;
\.


--
-- Data for Name: django_content_type; Type: TABLE DATA; Schema: public; Owner: lucassuner
--

COPY public.django_content_type (id, app_label, model) FROM stdin;
1	admin	logentry
2	auth	group
3	auth	permission
4	auth	user
5	contenttypes	contenttype
6	sessions	session
7	accounting	accounts
\.


--
-- Data for Name: django_migrations; Type: TABLE DATA; Schema: public; Owner: lucassuner
--

COPY public.django_migrations (id, app, name, applied) FROM stdin;
1	contenttypes	0001_initial	2025-12-13 21:18:02.071024-05
2	auth	0001_initial	2025-12-13 21:18:02.097139-05
3	admin	0001_initial	2025-12-13 21:18:02.105821-05
4	admin	0002_logentry_remove_auto_add	2025-12-13 21:18:02.109435-05
5	admin	0003_logentry_add_action_flag_choices	2025-12-13 21:18:02.114044-05
6	contenttypes	0002_remove_content_type_name	2025-12-13 21:18:02.121842-05
7	auth	0002_alter_permission_name_max_length	2025-12-13 21:18:02.125261-05
8	auth	0003_alter_user_email_max_length	2025-12-13 21:18:02.128682-05
9	auth	0004_alter_user_username_opts	2025-12-13 21:18:02.131764-05
10	auth	0005_alter_user_last_login_null	2025-12-13 21:18:02.168823-05
11	auth	0006_require_contenttypes_0002	2025-12-13 21:18:02.169565-05
12	auth	0007_alter_validators_add_error_messages	2025-12-13 21:18:02.172526-05
13	auth	0008_alter_user_username_max_length	2025-12-13 21:18:02.18211-05
14	auth	0009_alter_user_last_name_max_length	2025-12-13 21:18:02.186849-05
15	auth	0010_alter_group_name_max_length	2025-12-13 21:18:02.191629-05
16	auth	0011_update_proxy_permissions	2025-12-13 21:18:02.194792-05
17	auth	0012_alter_user_first_name_max_length	2025-12-13 21:18:02.199286-05
18	sessions	0001_initial	2025-12-13 21:18:02.206007-05
19	accounting	0001_initial	2025-12-15 15:22:30.821379-05
\.


--
-- Data for Name: django_session; Type: TABLE DATA; Schema: public; Owner: lucassuner
--

COPY public.django_session (session_key, session_data, expire_date) FROM stdin;
\.


--
-- Name: accounting_accounts_id_seq; Type: SEQUENCE SET; Schema: public; Owner: lucassuner
--

SELECT pg_catalog.setval('public.accounting_accounts_id_seq', 997, true);


--
-- Name: auth_group_id_seq; Type: SEQUENCE SET; Schema: public; Owner: lucassuner
--

SELECT pg_catalog.setval('public.auth_group_id_seq', 1, false);


--
-- Name: auth_group_permissions_id_seq; Type: SEQUENCE SET; Schema: public; Owner: lucassuner
--

SELECT pg_catalog.setval('public.auth_group_permissions_id_seq', 1, false);


--
-- Name: auth_permission_id_seq; Type: SEQUENCE SET; Schema: public; Owner: lucassuner
--

SELECT pg_catalog.setval('public.auth_permission_id_seq', 28, true);


--
-- Name: auth_user_groups_id_seq; Type: SEQUENCE SET; Schema: public; Owner: lucassuner
--

SELECT pg_catalog.setval('public.auth_user_groups_id_seq', 1, false);


--
-- Name: auth_user_id_seq; Type: SEQUENCE SET; Schema: public; Owner: lucassuner
--

SELECT pg_catalog.setval('public.auth_user_id_seq', 1, false);


--
-- Name: auth_user_user_permissions_id_seq; Type: SEQUENCE SET; Schema: public; Owner: lucassuner
--

SELECT pg_catalog.setval('public.auth_user_user_permissions_id_seq', 1, false);


--
-- Name: django_admin_log_id_seq; Type: SEQUENCE SET; Schema: public; Owner: lucassuner
--

SELECT pg_catalog.setval('public.django_admin_log_id_seq', 1, false);


--
-- Name: django_content_type_id_seq; Type: SEQUENCE SET; Schema: public; Owner: lucassuner
--

SELECT pg_catalog.setval('public.django_content_type_id_seq', 7, true);


--
-- Name: django_migrations_id_seq; Type: SEQUENCE SET; Schema: public; Owner: lucassuner
--

SELECT pg_catalog.setval('public.django_migrations_id_seq', 19, true);


--
-- Name: accounting_accounts accounting_accounts_code_key; Type: CONSTRAINT; Schema: public; Owner: lucassuner
--

ALTER TABLE ONLY public.accounting_accounts
    ADD CONSTRAINT accounting_accounts_code_key UNIQUE (code);


--
-- Name: accounting_accounts accounting_accounts_pkey; Type: CONSTRAINT; Schema: public; Owner: lucassuner
--

ALTER TABLE ONLY public.accounting_accounts
    ADD CONSTRAINT accounting_accounts_pkey PRIMARY KEY (id);


--
-- Name: auth_group auth_group_name_key; Type: CONSTRAINT; Schema: public; Owner: lucassuner
--

ALTER TABLE ONLY public.auth_group
    ADD CONSTRAINT auth_group_name_key UNIQUE (name);


--
-- Name: auth_group_permissions auth_group_permissions_group_id_permission_id_0cd325b0_uniq; Type: CONSTRAINT; Schema: public; Owner: lucassuner
--

ALTER TABLE ONLY public.auth_group_permissions
    ADD CONSTRAINT auth_group_permissions_group_id_permission_id_0cd325b0_uniq UNIQUE (group_id, permission_id);


--
-- Name: auth_group_permissions auth_group_permissions_pkey; Type: CONSTRAINT; Schema: public; Owner: lucassuner
--

ALTER TABLE ONLY public.auth_group_permissions
    ADD CONSTRAINT auth_group_permissions_pkey PRIMARY KEY (id);


--
-- Name: auth_group auth_group_pkey; Type: CONSTRAINT; Schema: public; Owner: lucassuner
--

ALTER TABLE ONLY public.auth_group
    ADD CONSTRAINT auth_group_pkey PRIMARY KEY (id);


--
-- Name: auth_permission auth_permission_content_type_id_codename_01ab375a_uniq; Type: CONSTRAINT; Schema: public; Owner: lucassuner
--

ALTER TABLE ONLY public.auth_permission
    ADD CONSTRAINT auth_permission_content_type_id_codename_01ab375a_uniq UNIQUE (content_type_id, codename);


--
-- Name: auth_permission auth_permission_pkey; Type: CONSTRAINT; Schema: public; Owner: lucassuner
--

ALTER TABLE ONLY public.auth_permission
    ADD CONSTRAINT auth_permission_pkey PRIMARY KEY (id);


--
-- Name: auth_user_groups auth_user_groups_pkey; Type: CONSTRAINT; Schema: public; Owner: lucassuner
--

ALTER TABLE ONLY public.auth_user_groups
    ADD CONSTRAINT auth_user_groups_pkey PRIMARY KEY (id);


--
-- Name: auth_user_groups auth_user_groups_user_id_group_id_94350c0c_uniq; Type: CONSTRAINT; Schema: public; Owner: lucassuner
--

ALTER TABLE ONLY public.auth_user_groups
    ADD CONSTRAINT auth_user_groups_user_id_group_id_94350c0c_uniq UNIQUE (user_id, group_id);


--
-- Name: auth_user auth_user_pkey; Type: CONSTRAINT; Schema: public; Owner: lucassuner
--

ALTER TABLE ONLY public.auth_user
    ADD CONSTRAINT auth_user_pkey PRIMARY KEY (id);


--
-- Name: auth_user_user_permissions auth_user_user_permissions_pkey; Type: CONSTRAINT; Schema: public; Owner: lucassuner
--

ALTER TABLE ONLY public.auth_user_user_permissions
    ADD CONSTRAINT auth_user_user_permissions_pkey PRIMARY KEY (id);


--
-- Name: auth_user_user_permissions auth_user_user_permissions_user_id_permission_id_14a6b632_uniq; Type: CONSTRAINT; Schema: public; Owner: lucassuner
--

ALTER TABLE ONLY public.auth_user_user_permissions
    ADD CONSTRAINT auth_user_user_permissions_user_id_permission_id_14a6b632_uniq UNIQUE (user_id, permission_id);


--
-- Name: auth_user auth_user_username_key; Type: CONSTRAINT; Schema: public; Owner: lucassuner
--

ALTER TABLE ONLY public.auth_user
    ADD CONSTRAINT auth_user_username_key UNIQUE (username);


--
-- Name: django_admin_log django_admin_log_pkey; Type: CONSTRAINT; Schema: public; Owner: lucassuner
--

ALTER TABLE ONLY public.django_admin_log
    ADD CONSTRAINT django_admin_log_pkey PRIMARY KEY (id);


--
-- Name: django_content_type django_content_type_app_label_model_76bd3d3b_uniq; Type: CONSTRAINT; Schema: public; Owner: lucassuner
--

ALTER TABLE ONLY public.django_content_type
    ADD CONSTRAINT django_content_type_app_label_model_76bd3d3b_uniq UNIQUE (app_label, model);


--
-- Name: django_content_type django_content_type_pkey; Type: CONSTRAINT; Schema: public; Owner: lucassuner
--

ALTER TABLE ONLY public.django_content_type
    ADD CONSTRAINT django_content_type_pkey PRIMARY KEY (id);


--
-- Name: django_migrations django_migrations_pkey; Type: CONSTRAINT; Schema: public; Owner: lucassuner
--

ALTER TABLE ONLY public.django_migrations
    ADD CONSTRAINT django_migrations_pkey PRIMARY KEY (id);


--
-- Name: django_session django_session_pkey; Type: CONSTRAINT; Schema: public; Owner: lucassuner
--

ALTER TABLE ONLY public.django_session
    ADD CONSTRAINT django_session_pkey PRIMARY KEY (session_key);


--
-- Name: accounting_accounts_code_b7aca565_like; Type: INDEX; Schema: public; Owner: lucassuner
--

CREATE INDEX accounting_accounts_code_b7aca565_like ON public.accounting_accounts USING btree (code varchar_pattern_ops);


--
-- Name: auth_group_name_a6ea08ec_like; Type: INDEX; Schema: public; Owner: lucassuner
--

CREATE INDEX auth_group_name_a6ea08ec_like ON public.auth_group USING btree (name varchar_pattern_ops);


--
-- Name: auth_group_permissions_group_id_b120cbf9; Type: INDEX; Schema: public; Owner: lucassuner
--

CREATE INDEX auth_group_permissions_group_id_b120cbf9 ON public.auth_group_permissions USING btree (group_id);


--
-- Name: auth_group_permissions_permission_id_84c5c92e; Type: INDEX; Schema: public; Owner: lucassuner
--

CREATE INDEX auth_group_permissions_permission_id_84c5c92e ON public.auth_group_permissions USING btree (permission_id);


--
-- Name: auth_permission_content_type_id_2f476e4b; Type: INDEX; Schema: public; Owner: lucassuner
--

CREATE INDEX auth_permission_content_type_id_2f476e4b ON public.auth_permission USING btree (content_type_id);


--
-- Name: auth_user_groups_group_id_97559544; Type: INDEX; Schema: public; Owner: lucassuner
--

CREATE INDEX auth_user_groups_group_id_97559544 ON public.auth_user_groups USING btree (group_id);


--
-- Name: auth_user_groups_user_id_6a12ed8b; Type: INDEX; Schema: public; Owner: lucassuner
--

CREATE INDEX auth_user_groups_user_id_6a12ed8b ON public.auth_user_groups USING btree (user_id);


--
-- Name: auth_user_user_permissions_permission_id_1fbb5f2c; Type: INDEX; Schema: public; Owner: lucassuner
--

CREATE INDEX auth_user_user_permissions_permission_id_1fbb5f2c ON public.auth_user_user_permissions USING btree (permission_id);


--
-- Name: auth_user_user_permissions_user_id_a95ead1b; Type: INDEX; Schema: public; Owner: lucassuner
--

CREATE INDEX auth_user_user_permissions_user_id_a95ead1b ON public.auth_user_user_permissions USING btree (user_id);


--
-- Name: auth_user_username_6821ab7c_like; Type: INDEX; Schema: public; Owner: lucassuner
--

CREATE INDEX auth_user_username_6821ab7c_like ON public.auth_user USING btree (username varchar_pattern_ops);


--
-- Name: django_admin_log_content_type_id_c4bce8eb; Type: INDEX; Schema: public; Owner: lucassuner
--

CREATE INDEX django_admin_log_content_type_id_c4bce8eb ON public.django_admin_log USING btree (content_type_id);


--
-- Name: django_admin_log_user_id_c564eba6; Type: INDEX; Schema: public; Owner: lucassuner
--

CREATE INDEX django_admin_log_user_id_c564eba6 ON public.django_admin_log USING btree (user_id);


--
-- Name: django_session_expire_date_a5c62663; Type: INDEX; Schema: public; Owner: lucassuner
--

CREATE INDEX django_session_expire_date_a5c62663 ON public.django_session USING btree (expire_date);


--
-- Name: django_session_session_key_c0390e0f_like; Type: INDEX; Schema: public; Owner: lucassuner
--

CREATE INDEX django_session_session_key_c0390e0f_like ON public.django_session USING btree (session_key varchar_pattern_ops);


--
-- Name: auth_group_permissions auth_group_permissio_permission_id_84c5c92e_fk_auth_perm; Type: FK CONSTRAINT; Schema: public; Owner: lucassuner
--

ALTER TABLE ONLY public.auth_group_permissions
    ADD CONSTRAINT auth_group_permissio_permission_id_84c5c92e_fk_auth_perm FOREIGN KEY (permission_id) REFERENCES public.auth_permission(id) DEFERRABLE INITIALLY DEFERRED;


--
-- Name: auth_group_permissions auth_group_permissions_group_id_b120cbf9_fk_auth_group_id; Type: FK CONSTRAINT; Schema: public; Owner: lucassuner
--

ALTER TABLE ONLY public.auth_group_permissions
    ADD CONSTRAINT auth_group_permissions_group_id_b120cbf9_fk_auth_group_id FOREIGN KEY (group_id) REFERENCES public.auth_group(id) DEFERRABLE INITIALLY DEFERRED;


--
-- Name: auth_permission auth_permission_content_type_id_2f476e4b_fk_django_co; Type: FK CONSTRAINT; Schema: public; Owner: lucassuner
--

ALTER TABLE ONLY public.auth_permission
    ADD CONSTRAINT auth_permission_content_type_id_2f476e4b_fk_django_co FOREIGN KEY (content_type_id) REFERENCES public.django_content_type(id) DEFERRABLE INITIALLY DEFERRED;


--
-- Name: auth_user_groups auth_user_groups_group_id_97559544_fk_auth_group_id; Type: FK CONSTRAINT; Schema: public; Owner: lucassuner
--

ALTER TABLE ONLY public.auth_user_groups
    ADD CONSTRAINT auth_user_groups_group_id_97559544_fk_auth_group_id FOREIGN KEY (group_id) REFERENCES public.auth_group(id) DEFERRABLE INITIALLY DEFERRED;


--
-- Name: auth_user_groups auth_user_groups_user_id_6a12ed8b_fk_auth_user_id; Type: FK CONSTRAINT; Schema: public; Owner: lucassuner
--

ALTER TABLE ONLY public.auth_user_groups
    ADD CONSTRAINT auth_user_groups_user_id_6a12ed8b_fk_auth_user_id FOREIGN KEY (user_id) REFERENCES public.auth_user(id) DEFERRABLE INITIALLY DEFERRED;


--
-- Name: auth_user_user_permissions auth_user_user_permi_permission_id_1fbb5f2c_fk_auth_perm; Type: FK CONSTRAINT; Schema: public; Owner: lucassuner
--

ALTER TABLE ONLY public.auth_user_user_permissions
    ADD CONSTRAINT auth_user_user_permi_permission_id_1fbb5f2c_fk_auth_perm FOREIGN KEY (permission_id) REFERENCES public.auth_permission(id) DEFERRABLE INITIALLY DEFERRED;


--
-- Name: auth_user_user_permissions auth_user_user_permissions_user_id_a95ead1b_fk_auth_user_id; Type: FK CONSTRAINT; Schema: public; Owner: lucassuner
--

ALTER TABLE ONLY public.auth_user_user_permissions
    ADD CONSTRAINT auth_user_user_permissions_user_id_a95ead1b_fk_auth_user_id FOREIGN KEY (user_id) REFERENCES public.auth_user(id) DEFERRABLE INITIALLY DEFERRED;


--
-- Name: django_admin_log django_admin_log_content_type_id_c4bce8eb_fk_django_co; Type: FK CONSTRAINT; Schema: public; Owner: lucassuner
--

ALTER TABLE ONLY public.django_admin_log
    ADD CONSTRAINT django_admin_log_content_type_id_c4bce8eb_fk_django_co FOREIGN KEY (content_type_id) REFERENCES public.django_content_type(id) DEFERRABLE INITIALLY DEFERRED;


--
-- Name: django_admin_log django_admin_log_user_id_c564eba6_fk_auth_user_id; Type: FK CONSTRAINT; Schema: public; Owner: lucassuner
--

ALTER TABLE ONLY public.django_admin_log
    ADD CONSTRAINT django_admin_log_user_id_c564eba6_fk_auth_user_id FOREIGN KEY (user_id) REFERENCES public.auth_user(id) DEFERRABLE INITIALLY DEFERRED;


--
-- PostgreSQL database dump complete
--

\unrestrict SlMU2x4iskhFUiUvlafC21ueOwgbUEVHX6YbcARlTmlQLPn65ybunrXQY1SwPVp

